platform_encoded,day_encoded,hour_posted,content_type_encoded,caption_length,hashtag_count,has_image,sentiment_score,engagement_score
0,1,11,0,98,5,1,0.87,62.4
0,0,7,0,85,5,1,0.82,54.7
0,5,12,0,76,5,1,0.91,71.3
0,4,18,0,94,5,1,0.85,65.2
0,2,9,0,88,5,1,0.79,58.9
0,6,10,0,79,5,1,0.76,49.8
0,3,14,1,75,5,0,0.72,43.2
0,1,8,0,91,5,1,0.88,81.3
0,5,9,0,80,5,1,0.83,60.7
0,0,5,0,71,4,1,0.77,44.6
1,2,12,0,112,5,1,0.95,78.9
1,4,10,0,89,5,1,0.78,67.4
1,3,15,0,104,5,1,0.86,63.8
1,1,8,2,82,5,0,0.71,52.3
1,0,11,0,97,5,1,0.92,74.6
1,5,16,1,80,5,0,0.8,59.1
1,2,9,0,99,5,1,0.74,51.7
1,1,13,0,119,5,1,0.83,66.2
2,2,8,2,108,5,0,0.71,48.3
2,1,8,2,99,4,0,0.68,39.4
2,0,9,2,82,5,0,0.79,61.7
2,3,11,2,79,5,0,0.65,44.8
2,4,7,2,91,5,0,0.73,73.2
2,1,7,2,98,4,0,0.67,40.1
2,2,10,2,96,5,0,0.82,67.9
3,1,8,2,97,5,0,0.85,57.8
3,2,9,0,81,5,1,0.88,64.3
3,0,10,2,105,5,0,0.72,41.2
3,3,7,0,96,5,1,0.91,76.9
3,4,8,2,101,5,0,0.77,60.4
0,6,18,3,87,5,0,0.89,79.4
0,3,19,3,82,5,0,0.84,68.7
1,1,14,0,104,5,1,0.93,72.1
2,4,23,2,56,5,0,0.69,56.8
3,2,7,2,102,5,0,0.86,68.9
0,2,18,0,82,5,1,0.81,61.8
0,1,11,0,88,5,1,0.87,80.2
1,6,14,0,80,5,1,0.94,86.7
2,0,9,2,97,5,0,0.84,74.1
3,0,8,2,94,5,0,0.96,87.4
0,0,8,0,62,4,1,0.73,53.4
0,4,20,3,84,5,0,0.8,78.3
1,5,11,0,89,4,1,0.77,91.2
2,6,21,2,94,5,0,0.83,70.6
3,3,8,0,100,5,1,0.88,71.8
0,0,6,0,83,5,1,0.75,46.3
0,2,20,0,91,4,1,0.96,88.6
1,1,12,2,85,5,0,0.79,62.9
2,3,13,2,76,4,0,0.71,50.7
3,4,9,2,86,4,0,0.89,78.1
