post_id,platform,caption,hashtags,content_type,day_of_week,hour_posted,likes_count,shares_count,comments_count,impressions,engagement_rate,sentiment_score,has_image,caption_length,hashtag_count,platform_encoded,day_encoded,month,year,engagement_score
post_001,Instagram,"Just launched our new summer collection! Swipe to see all looks. Drop a ❤️ if you love it!","#SummerVibes #NewCollection #Fashion #OOTD #StyleInspo",image,Tuesday,11,4821,312,489,52300,0.1085,0.87,1,98,5,0,1,6,2025,62.4
post_002,Instagram,"Morning motivation: You are one workout away from a good mood. Tag your gym partner 💪","#FitnessMotivation #GymLife #MondayMotivation #Workout #HealthyLiving",image,Monday,7,3654,198,276,41200,0.0994,0.82,1,85,5,0,0,6,2025,54.7
post_003,Instagram,"Homemade pasta from scratch. 3 ingredients. 30 minutes. Pure happiness 🍝","#FoodPhotography #HomeCooking #PastaLovers #FoodBlogger #ItalianFood",image,Saturday,12,6234,445,892,78900,0.0959,0.91,1,76,5,0,5,6,2025,71.3
post_004,Instagram,"Golden hour hits different when you have the perfect view 🌅 Where are you traveling next?","#TravelPhotography #GoldenHour #Wanderlust #TravelBlogger #SunsetViews",image,Friday,18,5109,387,634,63400,0.0968,0.85,1,94,5,0,4,6,2025,65.2
post_005,Instagram,"New skincare routine drop! My skin has never been clearer. Full review in bio 🌿","#SkincareTips #GlowUp #NaturalBeauty #SkincareRoutine #CleanBeauty",image,Wednesday,9,4432,267,511,56700,0.0920,0.79,1,88,5,0,2,6,2025,58.9
post_006,Instagram,"Coffee + good book + rainy day = perfect Sunday ☕📚 What are you reading?","#CoffeeLover #BookRecommendations #CozyVibes #SundayMorning #ReadingTime",image,Sunday,10,3287,145,423,38900,0.0989,0.76,1,79,5,0,6,6,2025,49.8
post_007,Instagram,"Behind the scenes of our latest photoshoot 🎬 Hard work always pays off!","#BehindTheScenes #ContentCreator #PhotoshootDay #CreativeProcess #Fashion",video,Thursday,14,2876,189,234,34500,0.0958,0.72,0,75,5,0,3,6,2025,43.2
post_008,Instagram,"This AI tool helped me schedule 30 posts in 10 minutes. Game changer for creators 🤖","#AITools #ContentCreator #SocialMediaTips #ProductivityHacks #DigitalMarketing",image,Tuesday,8,5678,823,967,89200,0.0834,0.88,1,91,5,0,1,6,2025,81.3
post_009,Instagram,"Avocado toast but make it aesthetic 🥑 Recipe saved for you in highlights","#HealthyBreakfast #AvocadoToast #FoodStyling #CleanEating #BrunchGoals",image,Saturday,9,4123,234,567,51800,0.0950,0.83,1,80,5,0,5,6,2025,60.7
post_010,Instagram,"Sweat now glow later ✨ 5am club is the best decision I ever made","#EarlyMorning #FitnessJourney #5AMClub #MindsetMatters #DisciplineEqualsFreedom",image,Monday,5,2934,156,312,37200,0.0901,0.77,1,71,4,0,0,6,2025,44.6
post_011,Facebook,"We just hit 100K followers! 🎉 Thank you for being part of our journey. Comment your favorite memory with us ⬇️","#Milestone #100K #ThankYou #Community #GratefulHeart",image,Wednesday,12,8934,2341,3456,124500,0.1187,0.95,1,112,5,1,2,6,2025,78.9
post_012,Facebook,"Flash Sale: 50% OFF everything for the next 24 hours! Click the link in bio to shop now 🛒","#FlashSale #50PercentOff #LimitedOffer #ShopNow #DealAlert",image,Friday,10,5621,3892,1234,98700,0.1086,0.78,1,89,5,1,4,6,2025,67.4
post_013,Facebook,"Our customer Priya just transformed her living room using our decor tips. Share your home makeover too! 🏠","#HomeDecor #InteriorDesign #CustomerStory #HomeMakeover #LivingRoomGoals",image,Thursday,15,4312,1567,2890,67800,0.1294,0.86,1,104,5,1,3,6,2025,63.8
post_014,Facebook,"Poll: Which is your go-to morning drink? ☕🍵 A) Coffee B) Tea C) Smoothie D) Water","#MorningRoutine #CoffeeLover #TeamTea #HealthyHabits #GoodMorning",text,Tuesday,8,3456,456,5678,54300,0.1769,0.71,0,82,5,1,1,6,2025,52.3
post_015,Facebook,"10 years ago we started in a garage. Today we serve 50,000 customers. Here is our story 🚀","#StartupStory #Entrepreneurship #FromHumbleBeginnings #GrowthMindset #BusinessJourney",image,Monday,11,7823,2134,1876,112000,0.1055,0.92,1,97,5,1,0,6,2025,74.6
post_016,Facebook,"Summer BBQ tips nobody told you about 🔥 Try method #3 and thank us later!","#BBQSeason #SummerGrilling #FoodTips #OutdoorCooking #WeekendVibes",video,Saturday,16,4567,1234,876,72300,0.0921,0.80,0,80,5,1,5,6,2025,59.1
post_017,Facebook,"Free webinar this Saturday: How to grow your Instagram to 10K followers in 90 days! Register now 👇","#FreeWebinar #InstagramGrowth #DigitalMarketing #SocialMediaStrategy #OnlineLearning",image,Wednesday,9,3234,2456,890,58900,0.1114,0.74,1,99,5,1,2,6,2025,51.7
post_018,Facebook,"Did you know? 70% of people trust recommendations from friends over ads. That is why we let our community speak ❤️","#CommunityFirst #CustomerReviews #WordOfMouth #TrustMatters #AuthenticBrand",image,Tuesday,13,5432,987,1234,81200,0.0936,0.83,1,119,5,1,1,6,2025,66.2
post_019,Twitter,"Hot take: scheduling your social media posts the night before saves 2 hours every day. Try it for a week 🧵","#ProductivityTip #SocialMediaHack #TimeManagement #ContentCreator #WorkSmart",text,Wednesday,8,2341,1456,567,45600,0.0960,0.71,0,108,5,2,2,6,2025,48.3
post_020,Twitter,"Just discovered that posting at 8am on Tuesdays gets 3x more reach on LinkedIn. Data does not lie 📊","#MarketingData #ContentStrategy #LinkedInTips #B2BMarketing #DataDriven",text,Tuesday,8,1876,987,345,32100,0.0998,0.68,0,99,4,2,1,6,2025,39.4
post_021,Twitter,"Thread: 7 AI tools every content creator needs in 2025 (with free alternatives) 👇","#AITools #ContentCreator #FreeTools #MarketingTech #ArtificialIntelligence",text,Monday,9,3456,2345,678,67800,0.0983,0.79,0,82,5,2,0,6,2025,61.7
post_022,Twitter,"Unpopular opinion: quality > quantity when it comes to social media posts.","#ContentQuality #SocialMediaStrategy #QualityContent #MarketingTips #DigitalMarketing",text,Thursday,11,2234,1123,456,41500,0.0919,0.65,0,79,5,2,3,6,2025,44.8
post_023,Twitter,"BREAKING: Instagram just changed its algorithm again. Here is what you need to do RIGHT NOW ⚡","#InstagramAlgorithm #SocialMediaNews #InstagramTips #DigitalMarketing #AlgorithmUpdate",text,Friday,7,5678,4321,1234,98700,0.1133,0.73,0,91,5,2,4,6,2025,73.2
post_024,Twitter,"Real talk: The best time to post on Twitter is when your audience is actually awake. Check analytics 📱","#TwitterTips #SocialMediaStrategy #PostTiming #EngagementHacks #DigitalMarketing",text,Tuesday,7,1987,876,234,35400,0.0876,0.67,0,98,4,2,1,6,2025,40.1
post_025,Twitter,"We automated our entire social media workflow using AI and saved 15 hours per week. Here is exactly how ⬇️","#Automation #AIMarketing #SocialMediaAutomation #ProductivityHacks #MarketingTools",text,Wednesday,10,4123,3456,890,79800,0.1062,0.82,0,96,5,2,2,6,2025,67.9
post_026,LinkedIn,"5 lessons I learned after growing a brand from 0 to 500K followers in 18 months. Sharing everything 👇","#PersonalBranding #ContentMarketing #GrowthHacking #LinkedInTips #Entrepreneurship",text,Tuesday,8,3456,1234,567,78900,0.0668,0.85,0,97,5,3,1,6,2025,57.8
post_027,LinkedIn,"The future of marketing is AI + human creativity. Neither alone is enough.","#AIMarketing #FutureOfMarketing #MarketingStrategy #DigitalTransformation #Innovation",image,Wednesday,9,4123,1876,890,98700,0.0698,0.88,1,81,5,3,2,6,2025,64.3
post_028,LinkedIn,"Hiring: We are looking for a passionate Social Media Manager who thinks in data and speaks in creativity ✉️","#Hiring #SocialMediaJobs #JobOpportunity #MarketingJobs #RemoteWork",text,Monday,10,2345,456,1234,54300,0.0738,0.72,0,105,5,3,0,6,2025,41.2
post_029,LinkedIn,"From intern to CMO in 8 years. Here are the 3 decisions that changed everything for me professionally.","#CareerGrowth #CMO #Leadership #MarketingCareer #ProfessionalDevelopment",image,Thursday,7,5678,2345,1456,124500,0.0757,0.91,1,96,5,3,3,6,2025,76.9
post_030,LinkedIn,"Why 80% of B2B companies are wasting their LinkedIn budget. A data-backed breakdown of what actually works.","#B2BMarketing #LinkedInMarketing #MarketingROI #DigitalMarketing #ContentStrategy",text,Friday,8,3876,1456,678,87600,0.0685,0.77,0,101,5,3,4,6,2025,60.4
post_031,Instagram,"POV: You discover this hidden café in Bali 🌴 Would you travel 20 hours for this view?","#BaliTravel #HiddenGems #CafeHopping #TravelBlogger #WanderlustVibes",reel,Sunday,18,7823,956,1234,98700,0.1015,0.89,0,87,5,0,6,6,2025,79.4
post_032,Instagram,"That feeling when your order finally arrives 📦 Unboxing our limited edition kit!","#UnboxingVideo #LimitedEdition #NewProduct #UnboxingExperience #ProductLaunch",reel,Thursday,19,5432,678,876,71200,0.1001,0.84,0,82,5,0,3,6,2025,68.7
post_033,Facebook,"Customer Spotlight: How Rahul grew his bakery from 200 to 5000 monthly orders using social media 👇","#CustomerSuccess #SmallBusiness #BakeryBusiness #EntrepreneurStory #GrowWithUs",image,Tuesday,14,6234,1897,2345,92300,0.1143,0.93,1,104,5,1,1,6,2025,72.1
post_034,Twitter,"The 3am ideas are always the best ones. Anyone else? 💡","#NightOwl #CreativeThinking #Entrepreneurship #LateNightThoughts #IdeaGeneration",text,Friday,23,3456,1234,567,56700,0.0925,0.69,0,56,5,2,4,6,2025,56.8
post_035,LinkedIn,"I reviewed 200 LinkedIn profiles of top marketers. Here is the exact pattern they all follow in About section.","#LinkedInProfile #PersonalBranding #ProfessionalTips #CareerAdvice #NetworkingTips",text,Wednesday,7,4567,2134,1123,102000,0.0768,0.86,0,102,5,3,2,6,2025,68.9
post_036,Instagram,"5 ingredients budget dinner that tastes like a restaurant meal 🍳 Save this for tonight!","#BudgetCooking #EasyRecipes #MealPrep #HomeCooking #QuickDinner",image,Wednesday,18,4832,345,678,59300,0.0974,0.81,1,82,5,0,2,7,2025,61.8
post_037,Instagram,"This one caption template gets me 300 comments every single time. Screenshot this 📸","#CaptionTips #InstagramHacks #EngagementTips #ContentStrategy #GrowYourAccount",image,Tuesday,11,6789,1456,2345,101200,0.1042,0.87,1,88,5,0,1,7,2025,80.2
post_038,Facebook,"It is okay to take a break. Mental health matters more than content consistency 💚","#MentalHealthMatters #SelfCare #DigitalWellbeing #ContentCreatorLife #TakeABreak",image,Sunday,14,9823,3456,4567,143200,0.1245,0.94,1,80,5,1,6,7,2025,86.7
post_039,Twitter,"Data thread: I analyzed 1000 viral tweets. Here are the 6 patterns every single one had in common 🧵","#ViralTweets #TwitterGrowth #DataAnalysis #ContentStrategy #SocialMediaTips",text,Monday,9,5678,4567,1234,112000,0.1033,0.84,0,97,5,2,0,7,2025,74.1
post_040,LinkedIn,"Rejected from 30 companies before landing my dream job at Google. What I learned from every no.","#JobRejection #CareerGrowth #NeverGiveUp #TechCareers #InterviewTips",text,Monday,8,8923,3456,2345,187600,0.0784,0.96,0,94,5,3,0,7,2025,87.4
post_041,Instagram,"Monday energy check: Drop your mood in the comments 🔥😴😊","#MondayVibes #MoodCheck #EngagementPost #Community #RelateableContent",image,Monday,8,3245,123,2345,43200,0.1318,0.73,1,62,4,0,0,7,2025,53.4
post_042,Instagram,"This reel took 6 hours to make. 30 seconds of video. Was it worth it? You tell me 🎬","#ReelMaking #ContentCreatorLife #BehindTheScenes #VideoEditing #CreativeWork",reel,Friday,20,8934,1234,1567,121000,0.0974,0.80,0,84,5,0,4,7,2025,78.3
post_043,Facebook,"GIVEAWAY 🎁 Win our premium content creator kit worth ₹15000! Follow. Like. Tag 2 friends.","#Giveaway #ContestAlert #WinBig #FreeGiveaway #ContentCreator",image,Saturday,11,12345,8923,6789,198000,0.1415,0.77,1,89,4,1,5,7,2025,91.2
post_044,Twitter,"Nobody talks about the loneliness of building something from scratch. Today I want to. A thread 🧵","#FounderLife #Entrepreneurship #BuildingInPublic #StartupLife #MentalHealth",text,Sunday,21,7823,2345,1678,134000,0.0879,0.83,0,94,5,2,6,7,2025,70.6
post_045,LinkedIn,"The LinkedIn algorithm rewards consistency above everything else. Here is proof from my last 90 days 📊","#LinkedInAlgorithm #ContentConsistency #LinkedInGrowth #PersonalBranding #DataProof",image,Thursday,8,5432,1678,987,121000,0.0668,0.88,1,100,5,3,3,7,2025,71.8
post_046,Instagram,"POV: Monday but you have your planner sorted 📓 Shop link in bio for 20% off today only!","#MondayMotivation #PlannerAddict #Productivity #Stationery #OrganizeYourLife",image,Monday,6,2876,234,456,38900,0.0916,0.75,1,83,5,0,0,7,2025,46.3
post_047,Instagram,"We hit 500K! Could not have done this without every single one of you 🤍 Big giveaway coming soon!","#500KFollowers #Milestone #ThankYou #GiveawayAlert #Grateful",image,Wednesday,20,11234,2345,3456,167000,0.1023,0.96,1,91,4,0,2,7,2025,88.6
post_048,Facebook,"What do you wish you knew before starting your business? Drop your wisdom in comments 👇","#EntrepreneurAdvice #BusinessTips #StartupWisdom #SmallBusinessOwner #LessonsLearned",text,Tuesday,12,4567,678,5678,72300,0.1510,0.79,0,85,5,1,1,7,2025,62.9
post_049,Twitter,"If your brand had a personality it would be... describe it in 3 words. Go 👇","#BrandIdentity #BrandPersonality #MarketingStrategy #BrandBuilding #CommunityEngagement",text,Thursday,13,2345,456,4567,45600,0.1615,0.71,0,76,4,2,3,7,2025,50.7
post_050,LinkedIn,"Here is the exact email I sent to land a $50K client. No fluff. Just the real template 📧","#ClientAcquisition #EmailMarketing #FreelanceTips #BusinessDevelopment #SalesStrategy",text,Friday,9,6789,3456,1234,148000,0.0776,0.89,0,86,4,3,4,7,2025,78.1
