analytics_id,post_id,platform,brand_name,post_date,fetch_date,likes,comments,shares,saves,reach,impressions,profile_visits,link_clicks,video_views,engagement_rate,reach_rate,click_through_rate
an001,post_001,Instagram,StyleCo,2025-06-03,2025-06-04,4821,489,312,876,48200,52300,1234,567,0,0.1085,0.092,0.0118
an002,post_002,Instagram,FitLife,2025-06-02,2025-06-03,3654,276,198,543,37800,41200,876,234,0,0.0994,0.091,0.0062
an003,post_003,Instagram,TasteBlog,2025-06-07,2025-06-08,6234,892,445,1234,72100,78900,2134,456,0,0.0959,0.091,0.0058
an004,post_004,Instagram,WanderLens,2025-06-06,2025-06-07,5109,634,387,987,58200,63400,1567,345,0,0.0968,0.091,0.0054
an005,post_005,Instagram,GlowUp,2025-06-04,2025-06-05,4432,511,267,765,52100,56700,1123,289,0,0.0920,0.092,0.0051
an006,post_006,Instagram,BrewBooks,2025-06-01,2025-06-02,3287,423,145,432,35600,38900,654,178,0,0.0989,0.092,0.0046
an007,post_007,Instagram,StyleCo,2025-06-05,2025-06-06,2876,234,189,321,31400,34500,543,145,67800,0.0958,0.091,0.0042
an008,post_008,Instagram,TechCreate,2025-06-03,2025-06-04,5678,967,823,1456,81200,89200,3456,1234,0,0.0834,0.091,0.0138
an009,post_009,Instagram,HealthyEats,2025-06-07,2025-06-08,4123,567,234,876,47200,51800,987,234,0,0.0950,0.091,0.0045
an010,post_010,Instagram,FitLife,2025-06-02,2025-06-03,2934,312,156,456,33800,37200,678,156,0,0.0901,0.091,0.0042
an011,Facebook,post_011,BrandX,2025-06-04,2025-06-05,8934,3456,2341,0,112000,124500,4567,2345,0,0.1187,0.090,0.0188
an012,Facebook,post_012,StyleCo,2025-06-06,2025-06-07,5621,1234,3892,0,89200,98700,2345,4567,0,0.1086,0.090,0.0463
an013,Facebook,post_013,DecorHub,2025-06-05,2025-06-06,4312,2890,1567,0,61200,67800,1876,987,0,0.1294,0.090,0.0146
an014,Facebook,post_014,BrewBooks,2025-06-03,2025-06-04,3456,5678,456,0,48900,54300,1234,456,0,0.1769,0.090,0.0084
an015,Facebook,post_015,BrandX,2025-06-02,2025-06-03,7823,1876,2134,0,100800,112000,3456,1234,0,0.1055,0.090,0.0110
an016,Facebook,post_016,TasteBlog,2025-06-07,2025-06-08,4567,876,1234,0,65100,72300,1678,678,134500,0.0921,0.090,0.0094
an017,Facebook,post_017,TechCreate,2025-06-04,2025-06-05,3234,890,2456,0,53100,58900,1456,3456,0,0.1114,0.090,0.0587
an018,Facebook,post_018,BrandX,2025-06-03,2025-06-04,5432,1234,987,0,73200,81200,2134,678,0,0.0936,0.090,0.0084
an019,Twitter,post_019,TechCreate,2025-06-04,2025-06-05,2341,567,1456,0,41200,45600,876,345,0,0.0960,0.090,0.0076
an020,Twitter,post_020,GrowthLab,2025-06-03,2025-06-04,1876,345,987,0,28900,32100,543,234,0,0.0998,0.090,0.0073
an021,Twitter,post_021,TechCreate,2025-06-02,2025-06-03,3456,678,2345,0,61100,67800,1234,567,0,0.0983,0.090,0.0084
an022,Twitter,post_022,GrowthLab,2025-06-05,2025-06-06,2234,456,1123,0,37300,41500,765,234,0,0.0919,0.090,0.0056
an023,Twitter,post_023,TechCreate,2025-06-06,2025-06-07,5678,1234,4321,0,88900,98700,2345,1234,0,0.1133,0.090,0.0125
an024,Twitter,post_024,GrowthLab,2025-06-03,2025-06-04,1987,234,876,0,31800,35400,543,156,0,0.0876,0.090,0.0044
an025,Twitter,post_025,TechCreate,2025-06-04,2025-06-05,4123,890,3456,0,71900,79800,1678,987,0,0.1062,0.090,0.0124
an026,LinkedIn,post_026,GrowthLab,2025-06-03,2025-06-04,3456,567,1234,0,71100,78900,2345,1234,0,0.0668,0.090,0.0156
an027,LinkedIn,post_027,TechCreate,2025-06-04,2025-06-05,4123,890,1876,0,88900,98700,3456,1876,0,0.0698,0.090,0.0190
an028,LinkedIn,post_028,BrandX,2025-06-02,2025-06-03,2345,1234,456,0,48900,54300,1234,456,0,0.0738,0.090,0.0084
an029,LinkedIn,post_029,GrowthLab,2025-06-05,2025-06-06,5678,1456,2345,0,112100,124500,4567,2345,0,0.0757,0.090,0.0188
an030,LinkedIn,post_030,GrowthLab,2025-06-06,2025-06-07,3876,678,1456,0,78900,87600,2134,987,0,0.0685,0.090,0.0113
an031,Instagram,post_031,WanderLens,2025-06-01,2025-06-02,7823,1234,956,1567,89100,98700,3456,789,234500,0.1015,0.090,0.0080
an032,Instagram,post_032,StyleCo,2025-06-05,2025-06-06,5432,876,678,1123,64200,71200,2134,567,189300,0.1001,0.090,0.0080
an033,Facebook,post_033,GrowthLab,2025-06-03,2025-06-04,6234,2345,1897,0,83200,92300,2890,1234,0,0.1143,0.090,0.0134
an034,Twitter,post_034,BrandX,2025-06-06,2025-06-07,3456,567,1234,0,51100,56700,1234,345,0,0.0925,0.090,0.0061
an035,LinkedIn,post_035,GrowthLab,2025-06-04,2025-06-05,4567,1123,2134,0,91900,102000,3456,1456,0,0.0768,0.090,0.0143
an036,Instagram,post_036,HealthyEats,2025-06-11,2025-06-12,4832,678,345,876,53500,59300,1456,345,0,0.0974,0.090,0.0058
an037,Instagram,post_037,TechCreate,2025-06-10,2025-06-11,6789,2345,1456,1678,91200,101200,3456,1234,0,0.1042,0.090,0.0122
an038,Facebook,post_038,WellBeingHub,2025-06-08,2025-06-09,9823,4567,3456,0,129000,143200,5678,2345,0,0.1245,0.090,0.0164
an039,Twitter,post_039,GrowthLab,2025-06-07,2025-06-08,5678,1234,4567,0,100800,112000,2890,1234,0,0.1033,0.090,0.0110
an040,LinkedIn,post_040,TechCreate,2025-06-07,2025-06-08,8923,2345,3456,0,168900,187600,6789,3456,0,0.0784,0.090,0.0184
an041,Instagram,post_041,BrandX,2025-06-07,2025-06-08,3245,2345,123,456,38900,43200,1234,234,0,0.1318,0.090,0.0054
an042,Instagram,post_042,TechCreate,2025-06-11,2025-06-12,8934,1567,1234,1876,109100,121000,4567,987,312400,0.0974,0.090,0.0082
an043,Facebook,post_043,StyleCo,2025-06-12,2025-06-13,12345,6789,8923,0,178200,198000,8923,4567,0,0.1415,0.090,0.0231
an044,Twitter,post_044,GrowthLab,2025-06-08,2025-06-09,7823,1678,2345,0,120600,134000,3456,1234,0,0.0879,0.090,0.0092
an045,LinkedIn,post_045,GrowthLab,2025-06-10,2025-06-11,5432,987,1678,0,108900,121000,3456,1678,0,0.0668,0.090,0.0139
an046,Instagram,post_046,PlannerCo,2025-06-07,2025-06-08,2876,456,234,543,35000,38900,876,678,0,0.0916,0.090,0.0174
an047,Instagram,post_047,StyleCo,2025-06-11,2025-06-12,11234,3456,2345,2345,150500,167000,6789,2345,0,0.1023,0.090,0.0141
an048,Facebook,post_048,BrandX,2025-06-08,2025-06-09,4567,5678,678,0,65100,72300,2134,678,0,0.1510,0.090,0.0094
an049,Twitter,post_049,GrowthLab,2025-06-10,2025-06-11,2345,4567,456,0,41100,45600,1234,345,0,0.1615,0.090,0.0076
an050,LinkedIn,post_050,GrowthLab,2025-06-09,2025-06-10,6789,1234,3456,0,133300,148000,5678,3456,0,0.0776,0.090,0.0234
