competitor_id,brand_name,platform,page_id,niche,followers_count,following_count,total_posts,avg_likes,avg_comments,avg_shares,engagement_rate,posting_frequency_per_week,top_content_type,top_hashtags,tracked_date,our_brand,our_followers,our_engagement_rate,follower_gap,engagement_gap,alert_triggered,alert_reason
comp001,ViralCreatorHub,Instagram,viralcreatorhub,Digital Marketing,245000,1200,1876,5234,678,345,0.0248,7,reel,"#ContentMarketing #DigitalMarketing #ContentCreator #GrowthHacking",2025-06-15,TechCreate,189000,0.0834,-56000,0.0586,0,No significant gap
comp002,MarketingMindset,Instagram,marketingmindset,Digital Marketing,312000,890,2234,6789,987,567,0.0264,9,image,"#MarketingTips #BusinessGrowth #Entrepreneur #SocialMediaMarketing",2025-06-15,TechCreate,189000,0.0834,-123000,0.0570,1,Competitor has 65% more followers. Their carousel posts average 2.3x our engagement.
comp003,GrowthGuru,LinkedIn,growthguru,B2B Marketing,178000,2300,987,4567,1234,876,0.0372,5,text,"#LinkedInGrowth #B2BMarketing #ContentStrategy #PersonalBranding",2025-06-15,GrowthLab,134000,0.0698,-44000,0.0326,0,No significant gap
comp004,StartupInsider,LinkedIn,startupinsider,Entrepreneurship,234000,1100,1456,5678,1567,1234,0.0368,6,image,"#Startup #Entrepreneurship #VentureCapital #StartupLife",2025-06-15,GrowthLab,134000,0.0698,-100000,0.0330,1,Competitor has 75% more followers on LinkedIn. Their founder story posts drive 3x engagement.
comp005,TrendingNow,Twitter,trendingnow_mktg,Viral Content,567000,3400,4567,8923,2345,5678,0.0299,14,text,"#Viral #Trending #SocialMedia #DigitalMarketing",2025-06-15,TechCreate,89000,0.0962,-478000,0.0663,1,Competitor engagement rate (2.99%) still 30% below ours (9.62%) despite 6x more followers. Focus on engagement quality not follower count.
comp006,FoodieCreates,Instagram,foodiecreates,Food & Recipes,198000,3400,2345,7823,1456,678,0.0504,10,reel,"#FoodPhotography #RecipeVideo #HomeCooking #FoodContent",2025-06-15,TasteBlog,67000,0.0974,-131000,0.0470,1,Competitor has 3x more followers. Their recipe reels get 4.2x our average views. Consider increasing reel frequency.
comp007,WellnessDaily,Instagram,wellnessdaily_ig,Health & Wellness,289000,2100,3123,6234,2345,987,0.0329,8,image,"#WellnessJourney #HealthyLiving #MentalHealth #SelfCare",2025-06-15,WellBeingHub,45000,0.1245,-244000,0.0916,1,Competitor has 6.4x more followers. However our engagement rate is 4x better. Strategy: maintain engagement quality while growing reach.
comp008,TravelVibes,Instagram,travelvibes_ig,Travel,423000,1890,2876,9823,3456,1567,0.0354,11,reel,"#TravelBlogger #Wanderlust #TravelPhotography #HiddenGems",2025-06-15,WanderLens,56000,0.1015,-367000,0.0661,1,Competitor has 7.5x more followers. Their location tag usage (every post) drives discovery. Start using consistent location tags.
comp009,FitnessPro,Facebook,fitnesspro_official,Fitness,156000,0,1678,4567,1234,2345,0.0522,6,video,"#FitnessMotivation #WorkoutTips #HealthyLifestyle #GymLife",2025-06-15,FitLife,34000,0.0994,-122000,0.0472,1,Competitor posts fitness transformation videos 3x per week averaging 2.3x our reach. Add transformation video series.
comp010,RecipeKing,Facebook,recipekingofficial,Food & Recipes,267000,0,3456,8923,3456,4567,0.0641,9,video,"#RecipeVideo #EasyRecipes #CookingTips #QuickRecipes",2025-06-15,TasteBlog,28000,0.0921,-239000,0.0280,1,Competitor engagement rate (6.41%) much higher than ours (9.21% per post but lower overall). They post 9x per week vs our 5x. Scale posting frequency.
comp001,ViralCreatorHub,Instagram,viralcreatorhub,Digital Marketing,248000,1200,1887,5456,712,367,0.0252,7,reel,"#ContentMarketing #DigitalMarketing #ContentCreator #GrowthHacking",2025-06-16,TechCreate,189000,0.0834,-59000,0.0582,0,No significant change from yesterday
comp002,MarketingMindset,Instagram,marketingmindset,Digital Marketing,315000,890,2242,6934,1023,589,0.0268,9,image,"#MarketingTips #BusinessGrowth #Entrepreneur #SocialMediaMarketing",2025-06-16,TechCreate,189000,0.0834,-126000,0.0566,1,Competitor gained 3000 followers overnight. Possible viral post. Monitor their content for insights.
