post_id,platform,caption,hashtags,content_type,day_of_week,hour_posted,likes_count,shares_count,comments_count,impressions,engagement_rate,sentiment_score,has_image,caption_length,hashtag_count,brand_name,campaign_name,campaign_phase
post_001,Instagram,"Just launched our new summer collection! Swipe to see all looks. Drop a ❤️ if you love it!","#SummerVibes #NewCollection #Fashion #OOTD #StyleInspo",image,Tuesday,11,4821,312,489,52300,0.1085,0.87,1,98,5,StyleCo,SummerDrop,Launch
post_002,Instagram,"Morning motivation: You are one workout away from a good mood. Tag your gym partner 💪","#FitnessMotivation #GymLife #MondayMotivation #Workout #HealthyLiving",image,Monday,7,3654,198,276,41200,0.0994,0.82,1,85,5,FitLife,MondayMoves,Post-Launch
post_003,Instagram,"Homemade pasta from scratch. 3 ingredients. 30 minutes. Pure happiness 🍝","#FoodPhotography #HomeCooking #PastaLovers #FoodBlogger #ItalianFood",image,Saturday,12,6234,445,892,78900,0.0959,0.91,1,76,5,TasteBlog,WeekendEats,Launch
post_004,Instagram,"Golden hour hits different when you have the perfect view 🌅 Where are you traveling next?","#TravelPhotography #GoldenHour #Wanderlust #TravelBlogger #SunsetViews",image,Friday,18,5109,387,634,63400,0.0968,0.85,1,94,5,WanderLens,GoldenHour,Post-Launch
post_005,Instagram,"New skincare routine drop! My skin has never been clearer. Full review in bio 🌿","#SkincareTips #GlowUp #NaturalBeauty #SkincareRoutine #CleanBeauty",image,Wednesday,9,4432,267,511,56700,0.0920,0.79,1,88,5,GlowUp,SkinFirst,Launch
post_006,Instagram,"Coffee + good book + rainy day = perfect Sunday ☕📚 What are you reading?","#CoffeeLover #BookRecommendations #CozyVibes #SundayMorning #ReadingTime",image,Sunday,10,3287,145,423,38900,0.0989,0.76,1,79,5,BrewBooks,CozyMornings,Pre-Launch
post_007,Instagram,"Behind the scenes of our latest photoshoot 🎬 Hard work always pays off!","#BehindTheScenes #ContentCreator #PhotoshootDay #CreativeProcess #Fashion",video,Thursday,14,2876,189,234,34500,0.0958,0.72,0,75,5,StyleCo,BTS,Post-Launch
post_008,Instagram,"This AI tool helped me schedule 30 posts in 10 minutes. Game changer for creators 🤖","#AITools #ContentCreator #SocialMediaTips #ProductivityHacks #DigitalMarketing",image,Tuesday,8,5678,823,967,89200,0.0834,0.88,1,91,5,TechCreate,AILaunch,Launch
post_009,Instagram,"Avocado toast but make it aesthetic 🥑 Recipe saved for you in highlights","#HealthyBreakfast #AvocadoToast #FoodStyling #CleanEating #BrunchGoals",image,Saturday,9,4123,234,567,51800,0.0950,0.83,1,80,5,HealthyEats,BrunchSeries,Launch
post_010,Instagram,"Sweat now glow later ✨ 5am club is the best decision I ever made","#EarlyMorning #FitnessJourney #5AMClub #MindsetMatters #DisciplineEqualsFreedom",image,Monday,5,2934,156,312,37200,0.0901,0.77,1,71,4,FitLife,MorningGrind,Post-Launch
post_011,Facebook,"We just hit 100K followers! 🎉 Thank you for being part of our journey. Comment your favorite memory with us ⬇️","#Milestone #100K #ThankYou #Community #GratefulHeart",image,Wednesday,12,8934,2341,3456,124500,0.1187,0.95,1,112,5,BrandX,Milestone100K,Post-Launch
post_012,Facebook,"Flash Sale: 50% OFF everything for the next 24 hours! Click the link in bio to shop now 🛒","#FlashSale #50PercentOff #LimitedOffer #ShopNow #DealAlert",image,Friday,10,5621,3892,1234,98700,0.1086,0.78,1,89,5,StyleCo,FlashSale,Launch
post_013,Facebook,"Our customer Priya just transformed her living room using our decor tips. Share your home makeover too! 🏠","#HomeDecor #InteriorDesign #CustomerStory #HomeMakeover #LivingRoomGoals",image,Thursday,15,4312,1567,2890,67800,0.1294,0.86,1,104,5,DecorHub,CustomerWins,Post-Launch
post_014,Facebook,"Poll: Which is your go-to morning drink? ☕🍵 A) Coffee B) Tea C) Smoothie D) Water","#MorningRoutine #CoffeeLover #TeamTea #HealthyHabits #GoodMorning",text,Tuesday,8,3456,456,5678,54300,0.1769,0.71,0,82,5,BrewBooks,MorningPoll,Pre-Launch
post_015,Facebook,"10 years ago we started in a garage. Today we serve 50,000 customers. Here is our story 🚀","#StartupStory #Entrepreneurship #FromHumbleBeginnings #GrowthMindset #BusinessJourney",image,Monday,11,7823,2134,1876,112000,0.1055,0.92,1,97,5,BrandX,FounderStory,Launch
post_016,Facebook,"Summer BBQ tips nobody told you about 🔥 Try method #3 and thank us later!","#BBQSeason #SummerGrilling #FoodTips #OutdoorCooking #WeekendVibes",video,Saturday,16,4567,1234,876,72300,0.0921,0.80,0,80,5,TasteBlog,SummerGrill,Launch
post_017,Facebook,"Free webinar this Saturday: How to grow your Instagram to 10K followers in 90 days! Register now 👇","#FreeWebinar #InstagramGrowth #DigitalMarketing #SocialMediaStrategy #OnlineLearning",image,Wednesday,9,3234,2456,890,58900,0.1114,0.74,1,99,5,TechCreate,GrowthHack,Pre-Launch
post_018,Facebook,"Did you know? 70% of people trust recommendations from friends over ads. That is why we let our community speak for us ❤️","#CommunityFirst #CustomerReviews #WordOfMouth #TrustMatters #AuthenticBrand",image,Tuesday,13,5432,987,1234,81200,0.0936,0.83,1,120,5,BrandX,TrustCampaign,Post-Launch
post_019,Twitter,"Hot take: scheduling your social media posts the night before saves 2 hours every day. Try it for a week 🧵","#ProductivityTip #SocialMediaHack #TimeManagement #ContentCreator #WorkSmart",text,Wednesday,8,2341,1456,567,45600,0.0960,0.71,0,108,5,TechCreate,ProductivityTips,Launch
post_020,Twitter,"Just discovered that posting at 8am on Tuesdays gets 3x more reach on LinkedIn. Data does not lie 📊","#MarketingData #ContentStrategy #LinkedInTips #B2BMarketing #DataDriven",text,Tuesday,8,1876,987,345,32100,0.0998,0.68,0,99,4,GrowthLab,DataInsights,Post-Launch
post_021,Twitter,"Thread: 7 AI tools every content creator needs in 2025 (with free alternatives) 👇","#AITools #ContentCreator #FreeTools #MarketingTech #ArtificialIntelligence",text,Monday,9,3456,2345,678,67800,0.0983,0.79,0,82,5,TechCreate,AIThread,Launch
post_022,Twitter,"Unpopular opinion: quality > quantity when it comes to social media posts. One great post beats 10 average ones.","#ContentQuality #SocialMediaStrategy #QualityContent #MarketingTips #DigitalMarketing",text,Thursday,11,2234,1123,456,41500,0.0919,0.65,0,111,5,GrowthLab,QualityFirst,Post-Launch
post_023,Twitter,"BREAKING: Instagram just changed its algorithm again. Here is what you need to do RIGHT NOW to protect your reach ⚡","#InstagramAlgorithm #SocialMediaNews #InstagramTips #DigitalMarketing #AlgorithmUpdate",text,Friday,7,5678,4321,1234,98700,0.1133,0.73,0,107,5,TechCreate,AlgoAlert,Launch
post_024,Twitter,"Real talk: The best time to post on Twitter is when your audience is actually awake. Check your analytics first 📱","#TwitterTips #SocialMediaStrategy #PostTiming #EngagementHacks #DigitalMarketing",text,Tuesday,7,1987,876,234,35400,0.0876,0.67,0,100,4,GrowthLab,PostingTips,Pre-Launch
post_025,Twitter,"We automated our entire social media workflow using AI and saved 15 hours per week. Here is exactly how ⬇️","#Automation #AIMarketing #SocialMediaAutomation #ProductivityHacks #MarketingTools",text,Wednesday,10,4123,3456,890,79800,0.1062,0.82,0,96,5,TechCreate,AutomationGuide,Launch
post_026,LinkedIn,"5 lessons I learned after growing a brand from 0 to 500K followers in 18 months. Sharing everything 👇","#PersonalBranding #ContentMarketing #GrowthHacking #LinkedInTips #Entrepreneurship",text,Tuesday,8,3456,1234,567,78900,0.0668,0.85,0,97,5,GrowthLab,BrandGrowth,Launch
post_027,LinkedIn,"The future of marketing is AI + human creativity. Neither alone is enough. Here is my take after testing 20 AI tools this year.","#AIMarketing #FutureOfMarketing #MarketingStrategy #DigitalTransformation #Innovation",image,Wednesday,9,4123,1876,890,98700,0.0698,0.88,1,120,5,TechCreate,AIFuture,Post-Launch
post_028,LinkedIn,"Hiring: We are looking for a passionate Social Media Manager who thinks in data and speaks in creativity. DM me if that is you ✉️","#Hiring #SocialMediaJobs #JobOpportunity #MarketingJobs #RemoteWork",text,Monday,10,2345,456,1234,54300,0.0738,0.72,0,104,5,BrandX,HiringPost,Pre-Launch
post_029,LinkedIn,"From intern to CMO in 8 years. Here are the 3 decisions that changed everything for me professionally.","#CareerGrowth #CMO #Leadership #MarketingCareer #ProfessionalDevelopment",image,Thursday,7,5678,2345,1456,124500,0.0757,0.91,1,95,5,GrowthLab,CareerPath,Launch
post_030,LinkedIn,"Why 80% of B2B companies are wasting their LinkedIn budget. A data-backed breakdown of what actually works.","#B2BMarketing #LinkedInMarketing #MarketingROI #DigitalMarketing #ContentStrategy",text,Friday,8,3876,1456,678,87600,0.0685,0.77,0,101,5,GrowthLab,B2BInsights,Post-Launch
post_031,Instagram,"POV: You discover this hidden café in Bali 🌴 Would you travel 20 hours for this view?","#BaliTravel #HiddenGems #CafeHopping #TravelBlogger #WanderlustVibes",reel,Sunday,18,7823,956,1234,98700,0.1015,0.89,0,87,5,WanderLens,BaliSeries,Launch
post_032,Instagram,"That feeling when your order finally arrives 📦 Unboxing our limited edition kit!","#UnboxingVideo #LimitedEdition #NewProduct #UnboxingExperience #ProductLaunch",reel,Thursday,19,5432,678,876,71200,0.1001,0.84,0,82,5,StyleCo,UnboxingDay,Launch
post_033,Facebook,"Customer Spotlight: How Rahul grew his bakery from 200 to 5000 monthly orders using social media. Full story 👇","#CustomerSuccess #SmallBusiness #BakeryBusiness #EntrepreneurStory #GrowWithUs",image,Tuesday,14,6234,1897,2345,92300,0.1143,0.93,1,115,5,GrowthLab,SuccessStory,Post-Launch
post_034,Twitter,"The 3am ideas are always the best ones. Anyone else? 💡","#NightOwl #CreativeThinking #Entrepreneurship #LateNightThoughts #IdeaGeneration",text,Friday,23,3456,1234,567,56700,0.0925,0.69,0,58,5,BrandX,RelateableContent,Post-Launch
post_035,LinkedIn,"I reviewed 200 LinkedIn profiles of top marketers. Here is the exact pattern they all follow in their About section.","#LinkedInProfile #PersonalBranding #ProfessionalTips #CareerAdvice #NetworkingTips",text,Wednesday,7,4567,2134,1123,102000,0.0768,0.86,0,103,5,GrowthLab,LinkedInHacks,Launch
post_036,Instagram,"5 ingredients budget dinner that tastes like a restaurant meal 🍳 Save this for tonight!","#BudgetCooking #EasyRecipes #MealPrep #HomeCooking #QuickDinner",image,Wednesday,18,4832,345,678,59300,0.0974,0.81,1,82,5,HealthyEats,BudgetMeals,Launch
post_037,Instagram,"This one caption template gets me 300 comments every single time. Screenshot this 📸","#CaptionTips #InstagramHacks #EngagementTips #ContentStrategy #GrowYourAccount",image,Tuesday,11,6789,1456,2345,101200,0.1042,0.87,1,88,5,TechCreate,CaptionGuide,Launch
post_038,Facebook,"It is okay to take a break. Mental health matters more than content consistency 💚","#MentalHealthMatters #SelfCare #DigitalWellbeing #ContentCreatorLife #TakeABreak",image,Sunday,14,9823,3456,4567,143200,0.1245,0.94,1,80,5,WellBeingHub,MindMatters,Post-Launch
post_039,Twitter,"Data thread: I analyzed 1000 viral tweets. Here are the 6 patterns every single one had in common 🧵","#ViralTweets #TwitterGrowth #DataAnalysis #ContentStrategy #SocialMediaTips",text,Monday,9,5678,4567,1234,112000,0.1033,0.84,0,97,5,GrowthLab,ViralThread,Launch
post_040,LinkedIn,"Rejected from 30 companies before landing my dream job at Google. What I learned from every no.","#JobRejection #CareerGrowth #NeverGiveUp #TechCareers #InterviewTips",text,Monday,8,8923,3456,2345,187600,0.0784,0.96,0,95,5,TechCreate,CareerJourney,Launch
post_041,Instagram,"Monday energy check: Drop your mood in the comments 🔥😴😊","#MondayVibes #MoodCheck #EngagementPost #Community #RelateableContent",image,Monday,8,3245,123,2345,43200,0.1318,0.73,1,61,4,BrandX,CommunityEngage,Post-Launch
post_042,Instagram,"This reel took 6 hours to make. 30 seconds of video. Was it worth it? You tell me 🎬","#ReelMaking #ContentCreatorLife #BehindTheScenes #VideoEditing #CreativeWork",reel,Friday,20,8934,1234,1567,121000,0.0974,0.80,0,84,5,TechCreate,ReelBTS,Post-Launch
post_043,Facebook,"GIVEAWAY 🎁 Win our premium content creator kit worth ₹15000! To enter: 1. Follow 2. Like 3. Tag 2 friends","#Giveaway #ContestAlert #WinBig #FreeGiveaway #ContentCreator",image,Saturday,11,12345,8923,6789,198000,0.1415,0.77,1,107,4,StyleCo,GiveawayWeek,Launch
post_044,Twitter,"Nobody talks about the loneliness of building something from scratch. Today I want to. A thread 🧵","#FounderLife #Entrepreneurship #BuildingInPublic #StartupLife #MentalHealth",text,Sunday,21,7823,2345,1678,134000,0.0879,0.83,0,94,5,GrowthLab,FounderThread,Post-Launch
post_045,LinkedIn,"The LinkedIn algorithm rewards consistency above everything else. Here is proof from my last 90 days of data 📊","#LinkedInAlgorithm #ContentConsistency #LinkedInGrowth #PersonalBranding #DataProof",image,Thursday,8,5432,1678,987,121000,0.0668,0.88,1,108,5,GrowthLab,AlgoProof,Launch
post_046,Instagram,"POV: Monday but you have your planner sorted 📓 Shop the link in bio for 20% off today only!","#MondayMotivation #PlannerAddict #Productivity #Stationery #OrganizeYourLife",image,Monday,6,2876,234,456,38900,0.0916,0.75,1,86,5,PlannerCo,MondaySale,Launch
post_047,Instagram,"We hit 500K! Could not have done this without every single one of you 🤍 Big giveaway coming soon!","#500KFollowers #Milestone #ThankYou #GiveawayAlert #Grateful",image,Wednesday,20,11234,2345,3456,167000,0.1023,0.96,1,90,4,StyleCo,500KMilestone,Post-Launch
post_048,Facebook,"What do you wish you knew before starting your business? Drop your wisdom in comments 👇","#EntrepreneurAdvice #BusinessTips #StartupWisdom #SmallBusinessOwner #LessonsLearned",text,Tuesday,12,4567,678,5678,72300,0.1510,0.79,0,85,5,BrandX,CommunityWisdom,Pre-Launch
post_049,Twitter,"If your brand had a personality it would be... describe it in 3 words. Go 👇","#BrandIdentity #BrandPersonality #MarketingStrategy #BrandBuilding #CommunityEngagement",text,Thursday,13,2345,456,4567,45600,0.1615,0.71,0,76,4,GrowthLab,BrandChallenge,Pre-Launch
post_050,LinkedIn,"Here is the exact email I sent to land a $50K client. No fluff. Just the real template 📧","#ClientAcquisition #EmailMarketing #FreelanceTips #BusinessDevelopment #SalesStrategy",text,Friday,9,6789,3456,1234,148000,0.0776,0.89,0,87,4,GrowthLab,SalesHack,Launch
post_051,Instagram,"Morning golden hour 🌅 This is why I wake up at 5am. What gets you out of bed early?","#GoldenHour #EarlyBird #MorningVibes #Photography #SunriseLovers",image,Monday,5,3456,234,567,46700,0.0913,0.82,1,82,4,WanderLens,MorningShots,Post-Launch
post_052,Instagram,"Rating every viral recipe trend of 2025 so you do not have to 🍽️ Watch till the end!","#FoodTrends #ViralRecipes #FoodReview #TrendAlert #FoodContent",reel,Saturday,19,9823,1234,2345,143000,0.0938,0.86,0,81,4,TasteBlog,TrendReview,Launch
post_053,Facebook,"Our office plants have better engagement than most corporate posts and honestly they should 🌱","#OfficeLife #PlantParent #BehindTheScenes #CompanyCulture #WorkLifeBalance",image,Wednesday,14,3456,456,1234,54300,0.0947,0.77,1,97,4,BrandX,OfficeBTS,Post-Launch
post_054,Twitter,"Hot take: Your Instagram theme matters less than your consistency. Change my mind.","#InstagramTips #ContentStrategy #SocialMediaDebate #EngagementTips #CreatorTips",text,Tuesday,10,4567,1234,2345,78900,0.1030,0.69,0,79,4,TechCreate,HotTake,Post-Launch
post_055,LinkedIn,"Case study: How we increased our client's revenue by 40% using a 3-post-per-week LinkedIn strategy. Full breakdown inside.","#CaseStudy #LinkedInMarketing #ContentROI #B2BMarketing #MarketingResults",image,Tuesday,9,5678,2134,876,123000,0.0703,0.91,1,113,4,GrowthLab,CaseStudy,Launch
post_056,Instagram,"Every expert was once a beginner. Every pro was once an amateur. Keep going 💫","#Motivation #GrowthMindset #KeepGoing #NeverGiveUp #SuccessMindset",image,Sunday,20,5432,456,789,69400,0.0961,0.90,1,70,4,BrandX,DailyInspiration,Post-Launch
post_057,Instagram,"3 months of skin transformation using only 4 products 🌿 The results shocked me","#SkinTransformation #BeforeAndAfter #SkincareResults #NaturalGlow #SkinFirst",image,Thursday,10,7823,567,1234,102000,0.0935,0.88,1,78,4,GlowUp,SkinJourney,Launch
post_058,Facebook,"We are donating 10% of every sale this month to local schools 📚 Tag a teacher who deserves appreciation","#GiveBack #CSR #EducationFirst #TeacherAppreciation #SocialImpact",image,Monday,9,8934,3456,5678,134000,0.1348,0.97,1,99,4,BrandX,GiveBack,Launch
post_059,Twitter,"Good morning only to people who batch create content on Sundays ☀️","#ContentBatching #ContentCreator #ProductivityHack #SundayRoutine #ContentPlanning",text,Sunday,8,3456,678,1234,56700,0.0956,0.76,0,66,4,TechCreate,ContentCreatorLife,Post-Launch
post_060,LinkedIn,"I turned down a ₹80 lakh job offer. Here is the conversation that helped me decide.","#CareerDecisions #WorkLifeBalance #PurposeDriven #CareerChoices #Values",text,Wednesday,7,9823,4567,2345,198000,0.0843,0.93,0,83,4,GrowthLab,CareerDecision,Post-Launch
