platform,day_of_week,hour_posted,avg_engagement_rate,avg_likes,avg_comments,avg_shares,total_posts_analyzed,best_content_type,peak_score
Instagram,Tuesday,11,0.1085,4821,489,312,47,image,87.3
Instagram,Tuesday,8,0.0834,5678,967,823,38,image,81.3
Instagram,Saturday,12,0.0959,6234,892,445,52,image,71.3
Instagram,Sunday,18,0.1015,7823,1234,956,29,reel,79.4
Instagram,Friday,18,0.0968,5109,634,387,44,image,65.2
Instagram,Monday,7,0.0994,3654,276,198,51,image,54.7
Instagram,Wednesday,9,0.0920,4432,511,267,48,image,58.9
Instagram,Thursday,14,0.0958,2876,234,189,41,video,43.2
Instagram,Saturday,9,0.0950,4123,567,234,45,image,60.7
Instagram,Monday,5,0.0901,2934,312,156,39,image,44.6
Instagram,Thursday,19,0.1001,5432,876,678,36,reel,68.7
Instagram,Friday,20,0.0974,8934,1567,1234,31,reel,78.3
Instagram,Monday,8,0.1318,3245,2345,123,44,image,53.4
Instagram,Monday,6,0.0916,2876,456,234,42,image,46.3
Instagram,Wednesday,20,0.1023,11234,3456,2345,27,image,88.6
Facebook,Wednesday,12,0.1187,8934,3456,2341,43,image,78.9
Facebook,Friday,10,0.1086,5621,1234,3892,39,image,67.4
Facebook,Thursday,15,0.1294,4312,2890,1567,37,image,63.8
Facebook,Tuesday,8,0.1769,3456,5678,456,48,text,52.3
Facebook,Monday,11,0.1055,7823,1876,2134,44,image,74.6
Facebook,Saturday,16,0.0921,4567,876,1234,35,video,59.1
Facebook,Wednesday,9,0.1114,3234,890,2456,46,image,51.7
Facebook,Tuesday,13,0.0936,5432,1234,987,41,image,66.2
Facebook,Sunday,14,0.1245,9823,4567,3456,32,image,86.7
Facebook,Tuesday,14,0.1143,6234,2345,1897,38,image,72.1
Facebook,Saturday,11,0.1415,12345,6789,8923,29,image,91.2
Facebook,Tuesday,12,0.1510,4567,5678,678,45,text,62.9
Facebook,Sunday,9,0.1348,8934,5678,3456,36,image,87.1
Twitter,Wednesday,8,0.0960,2341,567,1456,52,text,48.3
Twitter,Tuesday,8,0.0998,1876,345,987,44,text,39.4
Twitter,Monday,9,0.0983,3456,678,2345,48,text,61.7
Twitter,Thursday,11,0.0919,2234,456,1123,41,text,44.8
Twitter,Friday,7,0.1133,5678,1234,4321,37,text,73.2
Twitter,Tuesday,7,0.0876,1987,234,876,45,text,40.1
Twitter,Wednesday,10,0.1062,4123,890,3456,39,text,67.9
Twitter,Friday,23,0.0925,3456,567,1234,43,text,56.8
Twitter,Monday,9,0.1033,5678,1234,4567,34,text,74.1
Twitter,Sunday,21,0.0879,7823,1678,2345,28,text,70.6
Twitter,Thursday,13,0.1615,2345,4567,456,47,text,50.7
LinkedIn,Tuesday,8,0.0668,3456,567,1234,56,text,57.8
LinkedIn,Wednesday,9,0.0698,4123,890,1876,49,image,64.3
LinkedIn,Monday,10,0.0738,2345,1234,456,44,text,41.2
LinkedIn,Thursday,7,0.0757,5678,1456,2345,38,image,76.9
LinkedIn,Friday,8,0.0685,3876,678,1456,42,text,60.4
LinkedIn,Wednesday,7,0.0768,4567,1123,2134,37,text,68.9
LinkedIn,Monday,8,0.0784,8923,2345,3456,31,text,87.4
LinkedIn,Thursday,8,0.0668,5432,987,1678,43,image,71.8
LinkedIn,Friday,9,0.0776,6789,1234,3456,35,text,78.1
